"sex","all","part1","part2"
"f",-0.913595843421523,-0.290733614019929,-0.622862229401594
"m",-0.783606209912229,-0.191274570347013,-0.592331639565217
