"period","all","part1","part2"
"1991",-0.339356330335496,0.0130258129454775,-0.352382143280974
"2011",-0.46934596384479,-0.212473211042229,-0.256872752802562
